Text,true_label,predicted_label
halkan waa qaab kale oo qoraalka loo dhigay iyadoo la beddelay dhowr kelmadood laakiin si sax ah loo ilaaliyay macnihii iyo dhererkii jumlado kasta booliiska magaalada madrid ayaa xabsiga dhigay nin 53 sano jir ah oo u dhashay dalka colombia kaas oo lagu tuhmayo inuu muuqaallo qarsoodi ah ka duubay haweenka goonooyinka qaba si uu ugu bartilmaameedsado cawradooda isagoo markaa ka dibna intooda badan soo geliyay onlineka ninkan ayaa la tilmaamay inuu isticmaalayay talefanka gacanta oo uu ku dhex qariyay boorsada dhabarka lagu qaato sida laga soo xigtay booliiska wuxuu mareegaha internetka ku baahiyay ugu yaraan 283 muuqaal kuwaas oo la daawaday malaayiin jeer in ka badan 555 dumar ah oo si dhuumasho ah muuqaallo looga duubay ayaa qaar badan oo ka mid ah lagu sheegay inay ahaayeen gabdho ka yar 20 sano kuwaas oo intooda badan lagu dhex dhibateeyay khadadka tareennada eedaysanaha ayaa la sheegay inuu maalin walba duubi jiray haweenka goonooyinka qaba tan iyo xagaagii xilligaas oo uu bilaabay inuu muuqaalladaas onlineka geliyo waxaa sidoo kale lagu eedeeyay inuu mararka qaar bartilmaameedsan jiray dumarka dhex jooga suuqyada isagoo isku dayi jiray inuu salaamo ama barto si uu uga duubto muuqaal si cad u muujinaya cawradooda ciidanka ammaanka ayaa dabogal ku sameeyay ninkan laga shakisan yahay waxayna qabteen isagoo haweenay ka duubaya goob laga raaco tareenka dheereeya muuqaal ay booliiska qaranku soo dhigeen twitterka ayaa lagu sheegay in ninkan laga shakisan yahay uu yahay mid ka mid ah dadkii geystay meel ka dhacii ugu weynaa ee dhanka duubista cawrada dumarka booliiska ayaa gacanta ku dhigay laptop iyo aalado kale oo xogta lagu kaydiyo oo ay ku jireen boqollaal muuqaal halka barta uu ninkaasi leeyahay ay iska diiwaangeliyeen 3519 qof ninkan eedaysanaha ah ayaa hadda ku jira xabsiga dhexdiisa dalka spain ayaa ficilkan u aqoonsan dambi galmo oo ka dhan ah haweenka goonooyinka qaba ee cawradooda la duubto dadka ku kaca dambigaasna xabsi ayaa la dhigi karaa sidoo kale waddamada england iyo wales ayaa dhowaan dambi ka dhigay arrintan ka dib olole weyn oo ay billawday gina martin,AI,HUMAN
maalmihii la soo dhaafay waxaa magaalada muqdisho si weyn uga socday hadalheynta banaanbax lagu sheegay in lagu abaabulayay baraha bulshada kaas oo maanta oo ku beegneyd 18ka bisha la filayay inuu dhaco saaka ayay shacabka magaalada ku soo tooseen iyadoo ciidamo boolis ah oo ku hubeysan gaadiidka dagaalka la geeyay jidadka waaweyn ee magaalada warbixintan waxaa muqdisho ka soo dirtay wariyaha voada seynab abuukar maxamed,AI,HUMAN
kulan dhexmaray saraakiil sare oo ka tirsan maamulka biden iyo dhigooda shiinaha waa fursaddii ugu horeysay ee foolkafool ah oo lagu cabiro dhaq dhaqaaqa xiriirka labada dal xoghayaha arrimaha dibadda ee mareykanka antony blinken iyo la taliyaha dhanka amniga qaranka jake sullivan ayaa alaska kula kulmi doono diblumaasiga ugu sareeya shiinaha yang jiechi iyo wasiirka arrimaha dibadda wang yi kahor kulanka mr blinken wuxuu xusay in tani aysan ahayn istiraatiijiyad wadahadal mana jirin hadaf laga leeyahay  sida uu sheegay wax qabadyadan haddii ay tahay in ay raacaan runti waa in ay ku saleysnaadaan soo jeedinta ah in aan aragno horumar la taaban karo iyo natiijooyin la taaban karo oo ku saabsan arrimaha naga khuseeya shiinaha xiriirka mareykanka iyo shiinaha waa kii ugu xumaa ee soo mara muddo sanado ah waxayna umuuqataa in uu sii xumaanayo weli waxay noqotay wax iska caadi ah in lagu tilmaamo xiriirka mareykanka iyo shiinaha inuu yahay dagaal qabow oo cusub oo tixraac u ah loolanka u dhexeeya mareykanka iyo midowgii soofiyeet haddii dagaalkii qaboobaa uu micnihiisu yahay halgan weyn oo ku lug leh dhammaan dhinacyada awoodda qaran ee u dhexeeya laba nidaam siyaasadeed oo aan iswaafaqi karin markaa si cad tartanka mareykanka iyo shiinaha wuxuu leeyahay dhawaqyo iska horimaadkii mareykanka iyo soofiyeeti la mid ah istiraatiijiyadda kumeelgaarka ah ee maamulka biden ayaa la sii daayay horraantii bishan waxaana lagu xusay in shiinaha uu yahay dalka keliya ee u babac dhigi kara mareykanka haddii ay noqon lahayd awoodiisa dhaqaale diblomaasiyadeed militari iyo teknoolojiyadeed ba si loo wajaho caqabadda joogtada ah ee nidaamka caalamiga ah ee xasilloon oo furan shiinaha wuxuu qaatay mowqif muujinaya rabitaanka xiriir wanaagsan iyadoo uu sii laba jibaarayo danihiisa gaarka ah ee dimuqraadiyadda ka soo horjeedda gaar ahaan arrimaha hong kong iyo caburinta aan xishoodka lahayn ee muslimiinta uighur ee laga tirada badan yahay ayaa lagu sheegay qoraalka mr blinken beijing mararka qaar waxay lumisaa fursad ay ku tilmaamto xanuunnada nidaamka mareykanka wuxuu shiinaha ku guul darreystay maaraynta musiibada xanuunka covid19 mudadii uu xilka hayey madaxweynihii hore donald trump marka la eego ereyada kor ku xusan waxaa laga yaabaa in sumadda dagaalkii qaboobaa ay u muuqato mid sax laakiin sidee ayey faaiido u leedahay runti dagaalkii qaboobaa ee asalka ahaa midowgii soofiyeeti iyo xulafadiisii ââinta badan waxay ka godoonsanaayeen dhaqaalaha adduunka waxaana aasaas u ahaa xanibidda dhoofinta agabka taas bedelkeeda shiinaha ayaa ah isha dhaqaalaha adduunka dhaqaalihiisuna wuxuu si qoto dheer ugu dhex milmay kan mareykanka in kasta oo dagaalkii qaboobaa ee hore uu lahaa aragti farsamo oo muhiim ah  sida hubka iyo tartanka hawada sare  balse loollanka cusub ee mareykanka iyo shiinaha wuxuu ku lug leeyahay teknoolojiyadaha muhiimka ah ee sii hormarin doonaa bulshadeenna mustaqbalka sida sirdoonka macmalka ah iyo 5g xaaladda guud ee adduunku way ka duwan tahay dagaalkii qaboobaa adduunka waxaa loo qaybiyey laba xero laakiin qaabka dagaalkii qaboobaa waa mid qoto dheer oo qatar ku ah ixtiraamka aasaasiga ah dagaalkii qaboobaa wuxuu ahaa halgan siyaasadeed oo aan wadar ahaan lagu soo koobi karin oo dhinac walba uu ku diiday sharci ahaanshaha kan kale in kasta oo mareykanka iyo midowgii soofiyeeti ay dhif iyo naadir tahay in ay wax garaacaan haddana dad aad u tiro badan ayaa ku lumay isku dhacyada wakiillada adduunka shiinaha in kastoo uusan ahayn midowgii soofiyeeti haddana aad ayuu uga awood badan yahay markii ugu sarreysey koboca dhakhliga gudaha ee midowgii soofiyeeti wuxuu ahaa boqolkiiba 40 marka loo barbardhigo kan mareykanka hase yeeshee shiinaha wuxuu yeelan doonaa dhakhli la mid ah kan mareykanka toban sano gudahood tartanka shiinaha waa midkii ugu adkaa ee mareykanka uu wajahayo tan iyo qarnigii 19aad dhibaatada shiinaha iyo madaxweyne biden waa mid adag ujeeddooyinkiisa siyaasadeed ee arrimaha dibadda ayaa dhaqso u wajahaya beijing laakiin inkasta oo nooca tartanka uusan aheyn mid la dhayalsan karo haddana waa inaan laga badbadin mareykanku miyuu ka soo kaban karaa fowdadii trump oo dib ma u soo nooleyn karaa dimuqraadiyaddiisa miyuu ku qancin karaa xulafadiisa in mareykanka uu si rasmi ah dib ugu soo laabtay sidiisii hore isagoo ah laacib lagu kalsoonaan karo masraxa adduunka mareykankana si dhaqso ah ma u ballaarin karaa saldhigiisa waxbarasho iyo tiknolojiyadiisaba shiinaha ma la qabsan karaa koritaanka dhaqaalaha oo gaabis ah iyo dadka dada ah xisbiga shuuciga ah miyuu awoodi doonaa inuu soo ceshto daacadnimada iyo taageerada bulshada shiinaha muddada fog shiinaha wuxuu leeyahay awood badan laakiin sidoo kale nuglaansho badan mareykanka wuxuu leeyahay daciifnimo weyn laakiin sidoo kale firfircoonaan badan waa ciyaaryahanno adduunka muhiim u ah iyo guud ahaan nolosheena oo dhan,HUMAN,AI
magaalada muqdisho gaar ahaan daljirka daahsoon waxaa maanta ka dhacay banaanbax lagu taageerayo guusha soomaaliya ee dacwadda badda ee kala dhaxeysa kenya kadib markii maxkamadda hague ay ogolaatay qaadista kiiskaas banaanbaxan waxaa kasoo qeybgalay masuuliyiinta gobolka banaadir oo uu ugu horeeyo guddoomiye kuxigeenka siyaasadda iyo amniga maxamed axmed diiriye yabooh gudoomiyeyaasha degmooyinka ururka haweenka kooxda fanka iyo dadweyne laga kala keenay degmooyinka gobolka shacabkii banaanbaxay ayaa tilmaamay inay yihiin bulsho soomaaliyeed oo isku duuban oo heysata dowlad awood leh iyagoo xusay in kenya ay hore u hoos imaan jirtay soomaaliya balse ay hadda isku dayeyso inay boobto badda intii soomaaliya ay dhibaateysneyd waxay rajeynayaan in badda soomaaliya ay ka guuleysan doonto kenya maadaama qareenada u doodaya soomaaliya ay yihiin kuwo aqoon u leh kiisaska noocan oo kale ah jawaahir baarqab oo ah guddoomiyaha ururka haweenka gobolka banaadir ayaa carrabka ku adkeysay inaan muran ka jiri karin badda waxayna sheegtay in rag u sharaxan madaxweynanimo ay ka dambeeyaan muranka badda guddoomiye kuxigeenka siyaasadda iyo amniga gobolka banaadir maxamed axmed diiriye yabooh oo soo xiray kulanka ayaa sheegay in shacabka gobolka banaadir oo wakiil ka ah gobolada kale ay maanta muujiyeen farxad la xiriirta guusha soomaaliya ka gaartay dacwadda kenya wuxuu intaas ku daray in rajo wanaagsan iyo niyadsami ay shacabka soomaaliyeed u qabaan dacwaddan oo meel walba laga hadal hayo dowladda kenya ayaa sheegata qeyb ka mid ah badda soomaaliya iyadoo ku doodeysa inay heshiis ka gashay madaxdii dowladdii kmg ahayd,AI,HUMAN
kulanka todobaadlaha ah ee guddi hoosaadka amniga golaha wasiirrada oo uu shir guddoomiyay raiisul wasaaraha xukuummadda federaalka soomaaliya xasan cali khayre ayaa looga hadlay arrimaha ammaanka dibuhabaynta ciidanka iyo dardargelinta diiwaangelinta ciidamada kulanka ayaa lagu shaaciyay in lagu guulaystay qorshahii ay soo bandhigtay wasaaradda amniga gudaha ee ciidamda hubaysan ee nisa loogu wareejinayay taliska booliiska iyada oo la tixraacayo goaankii ay gaareen golaha wasiirrada 26kii luulyo 2018 ee farayay in ciidamada booliisku la wareegaan hoggaanka sugidda amniga ayaa waxaa dhammaan ciidamada nabad sugidda iyo hubkoodii marka laga reebo ciidamada howlgallada gaarka ah fuliya  lagu wareejiyay taliska booliska soomaaliyeed kulanka maanta oo ay goob joog ka ahaayeen taliyaasha ciidamada ayaa sidoo kale looga hadlay dardargelinta diiwaangelinta ciidamada gaar ahaan nidaamka casriga ah ee kaydinta xogta shakhsiga si loo fududeeyo xuquuqdooda klanka ayaa lagu falanqeeyay qorshaha sugidda amniga iyo dibudhiska garoonka ciyaaraha muqdisho waxaana taliska booliiska soomaaliyeed uu soo bandhigay qorshe faahfaahsan oo suura gelinaya in garoonka lagu ciyaaro ammaankiisana la sugo,HUMAN,AI
magaalada caasimadda soomaaliya ee muqdisho waxaa lagu qeexaa iskudarka caqabadaha iyo fursadaha isku dhafan iyadoo ay jiraan dhibaatooyin siyaasadeed iyo dhaqaale soomaalidu waxay halabuur samaynayaan si ay u jebiyaan wareegga dabadheeraada ee nuglaanta dad badan oo ay taageerayaan qurbajoogta caalamiga ah ee soomaalida dadka muqdisho waxay adeegsanayaan tignoolajiyada si ay u xalliyaan dhibaatooyinka una helaan suuqyo cusub hal hindise oo diyaar u ah in la dedejiyo tan waa xarunta tiknoolajiyadda irise oo ah xarunta ugu horreysa ee halabuurka ee muqdisho oo uu aasaasay awil osman irise waxay isku xirtaa ganacsatada halabuurka iyo shirkadaha cusub si ay u wadaagaan fikradaha oo ay uga wada shaqeeyaan arrimo kala duwan oo u dhexeeya horumarinta shirkad cunto oo online ah ilaa abuurista meel bannaan oo ay soomaalidu ku abuuri karaan fikrado fikradda soomaalida ee ilawadaag  oo loo tarjumay aniga ila wadaag  ayaa lagu dhaqan geliyay irise si ay uga caawiso ganacsatada inay helaan jawaab celin iyo inay la xiriiraan halabuurayaasha kale irise waxay si wadajir ah u fududeysay xero halabuur oo ay la leedahay undp sebtembarkii la soo dhaafay waxayna bilaabi doontaa barnaamijkeedii ugu horreeyay ee halabuurka ee ganacsatada maxalliga ah toddobaadkan iyadoo caqabad ku ah fikradda ah in xarumaha tiknoolajiyadda iyo goobaha waxabuurka ay ku kooban yihiin waddamada dakhligoodu sarreeyo xayeysiisyo iyada oo la adeegsanayo taageerada saxda ah waxaa jira suurtagalnimo weyn oo lagu heli karo xalal dijitaal ah oo gudaha lagu sameeyo tusaalooyinka jira waxaa ka mid ah baahsanaanta sare iyo isticmaalka lacagta moobaylka taas oo u oggolaanaysa bulshooyinka miyiga iyo kuwa aan la geli karin inay helaan xawilaad iyo taageero biniaadamnimo adeegga aamin ambulance oo ah adeeg ambalaas oo 24saacadood ah oo ka jira muqdisho waa hayadda kaliya ee jawaabcelinta ugu horreysa madal khariidadaynta dhibaatooyinka abaaraha waxay siisaa jawaabbixiyeyaasha gargaarka macluumaad juqraafiyeed oo waqtigeeda ku habboon kiisaskan waxay muujinayaan baaxadda halabuurka kaas oo aan ka gonayn caqabadaha macnaha leh ee ka jira muqdisho intii lagu jiray qaraxii banaa ee oktoobar 2017 irise waxay ku mashquulsanayd iskudubaridka dadaallada waxayna dhistay xarun wicitaan oo degdeg ah oo qaran iyo koox taageero macluumaad iyadoo la kaashanaysa hawlwadeennada moobaylka dowladda iyo bulshada rayidka ah hindisayaashani ma suurtoobi kareen iyada oo aan lahayn internetka internetku wuxuu xirfado maxalli ah u keenaa suuq caalami ah xalalka caqabadaha soomaaliyana si fudud ayay u heli karaan codsiyada meelo kale si kastaba ha ahaatee hal meel oo dib u dhacday soomaaliya waa helitaanka xog la isku halleyn karo oo khuseysa si loo taageero hirgelinta ganacsiyada iyo mashaariicda bulshada qalabka furan sida openstreetmap waxay leeyihiin awood ay ku caawiyaan halabuurayaasha inay ka gudbaan caqabaddan iyagoo abuuraya xalal cusub oo lagu galo oo lagu soo saaro xog aad waxtar u leh in kasta oo arrintani aysan weli ka hirgelin waaxda gaarka loo leeyahay ee afrika haddana mashaariicda sida khariidadaha maqan iyo kooxda biniaadamnimada ee openstreetmap ayaa muujiyay awoodda shaqo samafal iyo horumarineed haddana xaddidaadaha lagu hayo horumarinta xirfadaha dhijitaalka ah waa kuwo muhiim ah in kasta oo dad badan oo deggan ay helayaan internet xawaare sare leh haddana waxaa jira fursado xaddidan oo lagu heli karo xirfadaha loo baahan yahay si loogu guuleysto dhaqaalaha dhijitaalka ah intaa waxaa dheer iyadoo dowladda soomaaliya ay ururinayso dakhli badan oo ka imanaya waaxyadeeda dhaqameed waxay noqotay mid muhiim u ah dalka inuu kala duwanaado dhaqaalihiisa iyada oo loo marayo halabuurro dhijitaal ah iyada oo ay taageerayaan deeq yar oo ka timid sanduuqa halabuurka dhallinyarada ee bangiga adduunka iyo tabarucaad ka timid kooxda horumarinta dijitaalka ah waxaan la shaqeyneynaa irise si aan u horumarinno xirfadahan una oggolaanno dhallinyarada muqdisho inay ka shaqeeyaan halabuurrada horumarinta nolosha bangigu wuxuu sidoo kale taageerayaa caqabadda halabuurka watt ee muqdisho kaas oo ujeeddadiisu tahay in la soo saaro oo la taageero halabuurayaasha tamarta ee guud ahaan soomaaliya kuwaas oo laga yaabo inay haystaan xalado bixiya tamar la awoodi karo la isku halleyn karo iyo waara iyada oo loo marayo ilo cusub iyo in la isticmaalo qaabab ganacsi oo halabuur leh si loo hagaajiyo helitaanka tamar nadiif ah,HUMAN,AI
koox burcad ah ayaa magaalada pretoria ee koonfur afrika habeenkii xalay ku gubay dukaan ay lahaayeen labo dhalinyaro soomaali ah axmed bedel ayaa weerarkan ku geeriyooday halka cabdi shukri oo dhaawac ah lagu daaweynayo isbitaal kadib markii kooxda ay saqdii dhexe weerarka kusoo qaadeen goobta ganacsi booliiska oo helay wargelin uga timid dadka degaanka ayaa gacanta ku dhigay labo ka mid ah burcaddii falka geysatay sida ay booliisku u sheegeen warbaahinta qaranka waxaa socda baaritaanno la xiriira dhacdadan iyadoo wararka qaar ay sheegayaan in qaar kamid ah dambiilayaasha ay u dhasheen dalka zimbabwe jaaliyadda soomaaliyeed ayaa si kulul u cambaareysay falkan waxayna codsadeen in sharciga la horgeeyo ciddii ka dambaysay tacaddigan,AI,HUMAN
waxaa dalka suuriya ka socda qabanqaabada bannaanbaxyo waaweyn iyadoo hoggaamiyeyaasha mucaaradku ay ku boorinayaan dalalka reer galbeedka inay hakinayaan duqeymaha ay ka wadaan halkaas kadib dhimashadii dad rayid ah oo ku dhintay duqeymo dhacay talaadadii duqeyn dhinaca cirka ah oo ka dhacday nawaaxiga magaalada ay daacish ku xooggan tahay ee manbij ayaa waxaa ku geeriyooday 56 qof oo rayid ah kuna jiraan carruur sida ay xaqiijisay hayadda xuquuqda aadanaha suuriya ururada bulshada rayidka ah ayaa baraha bulshada u adeegsanaya maanta sidii ay usoo abaabuli lahaayeen dareen caalami ah oo looga dalbanayo dadweynaha inay soo baxaan si ay u muujiyaan dareenkooda ku aaddan dhibaatada shacabka suuriya qaar kamid ah boggaga bulshada suuriya ayaa ku baaqay bannaanbaxyo looga soo horjeedo xasuuqa ay diyaaradaha isbaheysiga ka wadaan suuriya dhanka kale baraha wararka suuriya ayaa sidoo kale baahiyey qaar ka mid ah sawirrada muujinaya dadkii rayidka ahaa ee la laayay,AI,HUMAN
muqdisho  wasaaradda isgaarsiinta iyo teknoolojiyadda ee soomaaliya ayaa soo jeedisay in la xiro baraha isgaarsiinta bulshada ee tiktok telegram iyo 1xbet goaankan ayaa yimid kadib shir wadatashi ah oo ay ka yeesheen dhinaca bedqabka isgaarsiinta ilaalinta amniga internetka iyo adeegyada baraha bulshada kaas oo ay iskugu yimaadeen madaxda wasaaradda heyadda isgaarsiinta qaranka iyo madaxda shirkadaha isgaarsiinta ee dalka wasaaradda ayaa shirkadaha isgaarsiinta ee internetka bixiya siisay illaa khamiista soo socota inay ku joojiyaan adeegga internetka ee barahaas bulshada haddaba goaankan iyo waxa loo cuskaday ayaa haaruun macruuf uu ka waraystay wasiirka isgaarsiinta iyo teknoolajiyada jaamac xasan khaliif,HUMAN,AI
magaalada cadaado oo ah xarunta galmudug ayaa maanta lagu doortay saddex mudane oo ka mid noqonaya baarlamaanka federaalka soomaaliya mudanayaasha la doortay waxaa ka mid ah ku xigeenkii hore ee duqa muqdisho warsame maxamed xasan joodax warsame joodax oo ahaa wasiirka dhallinyarada iyo ciyaaraha galmudug ayaa ku guuleystay kursiga kadib markii uu helay 26 cod sidoo kale joodax wuxuu horey u soo noqday guddoomiye ku xigeenka siyaasadda iyo amniga ee gobolka banaadir xilligii maxamuud axmed tarzan dhanka kale cabdikariin khaliif dhalac ayaa isna guuleystay isagoo helay 35 cod wuxuuna ka adkaaday col xasan maxamuud cali iyo cabdulqaadir jaamac qalabxoor doorasho kale oo ay ku tartamayeen laba musharrax ayaa waxaa ku guuleystay cabdiweli maxamed qanyare oo helay 48 cod,AI,HUMAN
guddoomiyaha aqalka sare cabdi xaashi cabdullaahi ayaa khudbad ka jeediyay munaasabad lagu xusayay 70 sano guuradii ka soo wareegtay xorriyadda china oo maanta lagu qabtay muqdisho wuxuu sheegay in soomaaliya iyo shiinaha u dhaxeeya xiriir weyn oo taageerto shiinaha u siisay soomaaliya wuxuu sidoo kale sheegay in shiinaha ay soomaaliya ka fulisay mashaariic waa weyn oo ay ka mid yihiin wadooyinka isku xira soomaaliya gudoomiyaha ayaa xusay in ay muhiim tahay in dib loo soo celiyo xiriirkii weynaa ee ka dhaxeeya shiinaha iyo dowladda soomaaliya si loo maalgaliyo kaabayeyaasha dhaqaallaha,AI,HUMAN
madaxweynaha jamhuuriyadda federaalka soomaaliya mudane xasan sheekh maxamuud ayaa hambalyo u diray haweenka soomaaliyeed meel kasta oo ay joogaan munaasabadda 8da maarso awgeed ee maalinta haween weynaha caalamka madaxweynaha ayaa sheegay in haweenka soomaaliyeed ay door wax ku ool ah ka soo qaateen horumarka dalka iyagoo safka horey kaga jirey halgankii xornimadoonka dib u heshiisiinta ummadda nabadeynta wax soo saarka iyo horumarka dhinacyadiisa kala duwan cidna ma dafiri karto doorka shariifka ah ee haweenka soomaaliyeed xuquuqda haweenkuna waxay ku caddahay quraanka kariimka waxaan sannadkan ugu bishaareynayaa in markii ugu horeysey la dhaqan gelin doono qoondada ay ku leeyihiin baarlamaanka oo ah boqolkiiba 30  iyagoo sidoo kale heli doona tixgelin qeybaha kala duwan ee adeegyada dowladda iyo bulshada madaxweynaha waxaa uu sheegay in si bulsho horumar u gaarto ay lagama maarmaan tahay in haweenku ay helaan xuquuqdooda oo dhameystiran sida waxbarashada caafimaadka iyo adeegyada kale ee muhiimka ah madaxweyne xasan sheekh maxamuud ayaa sidoo kale xusay in dowladda soomaaliya si buuxda u taageersan tahay qaybna ay ka tahay ololaha ururka midowga afrika ee dhimista ama yareynta hooyooyinka naftooda ku waaya xiliga dhalmada accelerated reduction of maternal mortality in africa carmma  adeegyadeenii caafimaad inkastoo aanay weli gaarin heerkii laga rabey hadana horumar la taaban karo ayaa jira oo dalka qeybihiisa kala duwan waxaa ka furan xarumo lagu daryeelo haweenka iyo dhallaanka dowladduna waxay dadaal ugu jirta in la helo adeegyo caafimaad oo tayo leh dhanka nabadgelyada ayaa madaxweynaha waxaa uu sheegay in haweenku ay kaalin wanaagsan ka qaataan nabadeynta iyo sugidda ammaanka iyagoo qeyb ka ah ciidammada kala duwan ee qalabka sida waxaana uu ku booriyey inay meesha ka sii wadaan la shaqeynta iyo taageerada laamaha amniga ee dalka,HUMAN,AI
abu dhabi 29 qof oo isugu soo haray kama dambeysta ayaa loo doortay inay u tartamaan abaalmarinta tamarta mustaqbalka ee zayed oo ah abaalmarinta caalamiga ah ee imaaraadka carabta ee hormuudka ka ah tamarta iyo waaritaanka xayeysiisyo xubnaha xeerbeegtida ayaa qiimeyn doona soo gudbinta kama dambaysta ah ee tartamayaasha oktoobar 29 ka dibna xaflad abaalmarin ah ayaa dhici doonta janaayo 18 2016 inta lagu jiro todobaadka joogtada ah ee abu dhabi ee sanadlaha ah si loogu dhawaaqo guuleystayaasha kama dambaysta ah dr sultan ahmad al jaber wasiiru dowlaha imaaraadka carabta iyo agaasimaha guud ee abaalmarinta tamarta mustaqbalka ee zayed ayaa yiri kani wuxuu ahaa sanad rikoor jabinaya abaalmarinta tamarta mustaqbalka ee zayed taas oo markhaati u ah hoggaanka ay muujisay imaaraadka carabta ee raadinta xalalka muddada dheer ee dabooli doona caqabadaha cimilada iyo tamarta mustaqbalka kobaca sii socda wuxuu xoojinayaa saameynta abaalmarinta ee dhiirigelinta iyo abaalmarinta halabuurka adduunka iyo abuurista dhaqaale aqooneed oo xooggan oo la wadaago si taas loo gaaro habka qiimeyntayadu wuxuu door muhiim ah ka ciyaaraa hubinta in abaalmarintu aysan sii wadi doonin oo keliya inay awood siiso laakiin sidoo kale lagu ixtiraamo adduunka oo dhan abaalmarinta tamarta mustaqbalka ee zayed waxaa aasaasay hoggaanka imaaraadka carabta si loogu sharfo joogtaynta deegaanka bulshada iyo dhaqaalaha oo uu u ololeeyay aabihii aasaasay qaranka shaikh zayed bin sultan al nahyan saddex ka mid ah kuwa ugu dambeeya ee ka qayb galaya labada qaybood ee shirkadaha weyn iyo sidoo kale kuwa ganacsiga yaryar iyo kuwa dhexe smes ayaa la horgeyn doonaa xeerbeegtida si loo tixgeliyo afar ka mid ah kuwa ugu dambeeya ayaa ku biiri doona qaybta ururada aan faaiido doonka ahayn npo guddiga cusub ee dugsiyada sare ee caalamiga ah ayaa soo xulay saddex mashruuc oo ay soo jeediyeen dugsiyadu mid kasta oo ka mid ah gobollada afrika ameerika aasiya iyo oceania iyo laba ka socda gobolka yurub si loo qiimeeyo dhammaadka oktoobar guddiga xulashada ayaa sidoo kale soo bandhigay shan musharax oo kama dambeys ah oo ku guuleysan kara abaalmarinta guusha nolosha magacyada gaaray marxaladda ugu dambeysa ee qiimeynta ee qaybta shirkadaha weyn waa byd iberdrola iyo infosys shirkadaha yaryar iyo kuwa dhexe smes smefunds greenlight planet ama off grid electric ayaa lagu dhawaaqi doonaa inay ku guuleysteen toddobaadka joogtada ah ee abu dhabi bisha janaayo qaybta ururada aan faaiido doonka ahayn npo waxaa jira afar qof oo kama dambeys ah kopernik ururka horumarinta snv netherlands solaraid iyo hayadda adeegyada reer miyiga tani waxay sidoo kale ahayd sannadkii ugu horreeyay ee guddiga dugsiyada sare ee caalamiga ah ay isugu yimaadaan oktoobar 45 guddigu wuxuu isku raacay 14 ka mid ah kuwa ugu dambeeya ee ka soo qayb galay dugsiga sare ee caalamiga ah dugsiga mfantsipim ghana dugsiga sare ee sos hg shaikh soomaaliya iyo dugsiga sayniska iyo teknolojiyadda ee abaarso soomaaliya ayaa gaaray kama dambeysta dugsiga sare ee manuel picasuti bolivia dugsiga sare ee farsamada xirfadlayaasha juanacatlán conalep131 mexico iyo institucion educativa gabriel plazas colombia ayaa ku tartamaya kuwa kama dambaysta ah ee ka soo jeeda gobolka aasiya waa mahindra united world college of india royal college sri lanka iyo korea science academy of kaist laga soo bilaabo yurub kuwa ugu dambeeya waxaa ka mid ah belvedere college ireland iyo schuelerforschungszentrum suedwuerttemberg jarmalka marka laga hadlayo gobolka oceania dugsiga sare ee cashmere new zealand dugsiga sare ee huonville australia iyo xarunta tababarka rural rural vanuatu waxaa qiimeyn doona xeerbeegtida,HUMAN,AI
xidiga spain ee arsenal santi cazorla ayaa sheegay inuu u saxiixi doono heshiis cusub haddii kooxdiisa loosoo bandhigo inkastoo qandaraaskiisa dhacayaan xagaagaan waxa uu aad ugu faraxsan yahay arsenal laakiin laba jeer lala xiriirinayay inuu u dhaqaaqayo atletico madrid cazorla oo sheegay in atletico madrid ay koox cajiib ah oo ay simeone sameynayo waxoogaa wanaagsan wuxuu dhihi karaa in mustaqbalkiisa yahay arsenal halkan ayaan ku faraxsanahay waxaan saxiixi doonaa qandaraas cusub ayuu sheegay,AI,HUMAN
wargeyska heraldo ayaa shaaciyay wariyaha ku saabsan gabadh brazil ah oo si yaab leh u liqday taleefankeedii taas oo dhakhaatiirta dalkaasi ay si guul leh uga hawlgaleen si ay uga saaraan caloosha kadib dadaallo dheer oo qaliineed gabadha oo la yiraahdo adriana andrade oo tiimaadda lagu tiriyaa 19 jir ayaa si kedis ah u liqday taleefankeedii markii wiilkii ay la xidhiidhneed uu codsaday inuu eego fariimaha iyo wada hadaladii ku jiray adriana oo doonaysay inay qarsato waxa taleefanku ku jiraa ayay isla markiiba u liqday taas oo halis weyn u keentay nolosheeda adriana ayaa nafsadeed u sharraxday goaankaas iyada oo tiri waxaan u maleeyey in xidhiidhkayagu xumanaayo hadduu akhristo waraaqaha ku jiray taleefankayga taasina waxay noo geli lahayd dhaawac sidoo kale waxay caddaysay inay goaansatay inay sii waddo xidhiidhkaas iyada oo u diyaar garoobaysa inay ugu badheedho waxa kasta oo ay ku kacdo ugu dambayntiina dhakhaatiirta brazil ayaa si waxtarsan u dhammaystay hawsha adag ee qaliinka waxayna awood u yeesheen in taleefanka laga soo saaro caloosha adriana sidaasna caafimaadkeedii loo soo celiyay,AI,HUMAN
ugaas yuusuf ugaas xasan ugaas khaliif ugaas rooble oo noqonaya ugaaskii 21aad ee beesha xawaadle ayaa maanta lagu caanoshubay deegaanka daharro ugaas oo ka tirsan magaalada halgan ee gobolka hiiraan ugaas yuusuf ayaa badalaya aabbihii ugaas xasan ugaas khaliif oo muqdisho ku geeriyeeday bishii febraayo 2021,HUMAN,AI
tani waa dhacdo run ah oo ku timid gabar soomaaliyeed oo hargeysa ku noolayd gabar wadaad ah oo aad u xishood badan waxaa qisadeeda ka soo baxay maansooyin iyo heeso dhowr ah jacaylku waa hiil eebbe u geliyay biniaadamka oo dhan laakiin qof waliba si gaar ah ayuu ula kulmaa qaar wuu ka gaadhsiiyaa waxay doonayeen qaar kalena wuxuu uga tagaa xanuun aan marnaba laga bogsan suugaanyahannada iyo qoraayaasha soomaalida badankood jacaylka  hadduu guulaystay ama fashilmay  ayay maansooyinkooda ku daabacaan suaasha caanka ah ee ah maxay jacaylku yahay waxaa si kooban ugu jawaabay abwaan saalax qaasim waa macaan amba waa qaraar kolba waa siduu kugu soo maro haddana aan ku sii socono dulucda sheekada waa arrin adag inaad jeclaato qof aanad la jeclayn sidoo kalena waa mid adag qofka wax jecel inuu diido sidaa awgeed waxaan halkan kaga soo bandhigi doonnaa sheeko dhab ah oo ka hadlaysa gabar soomaaliyeed oo jecel wiil aan isaguna u jeclayn,AI,HUMAN
dadka ku nool uk iyo caalamka oo dhan ayaa ka falcelinaya geerida boqorad elizabeth ii iyadoo la sameeyay jadwal si taxadar leh loo qorsheeyay lana xiriira munaasabadaha rasmiga ah uuna si goonni ah u soo bixi doono ayaa haddana dhimashada boqoradda waxay saameyn weyn ku yeelan doontaa nololmaalmeedka uk faahfaahinta inteeda badan waa in la xaqiijiyo laakiin halkan waxaan idinkula wadaageynaa waxa la filayo ma jiri doontaa maalin fasax qaran ah aaska ayaa la filayaa in lagu qabto westminster abbey qiyaastii toban ilaa 11 maalin gudahood iyadoo taariikhda uu xaqiijin doono qasriga buckingham waxay u badan tahay in lagu dhawaaqo maalin fasax qaran ah laakiin tan waxaa xaqiijin doona qasriga iyo dowladda haddii fasaxa lagu dhawaaqo dugsiyada waa la xirayaa ilaa hadda ma cadda inay gabi ahaanba xiri doonaan xilligaas ka hor waaxda waxbarashada iyo maamullada la sameeyay ayaa laga filayaa inay talo soo saaraan ma jiri doonaan munaasabado meesha laga saarayo ciyaaraha loo qorsheeyay jimcaha ayaa inta badan la baajiyay oo ay ku jiraan ciyaaraha horyaalka kubbadda cagta ee ingiriiska iyo kubbadda cagta waqooyiga ireland waxaa kaloo dib loo dhigay tartamada baabuurta iyo baaskiillada waxaan sidoo kale jiri doonin cayaaraha golfka marxaladda lixaad ee tartanka baaskiilka ee britain oo lagu waday in qabto jimcaha ayaan sidoo kale dhici doonin ballanqaadyadii bbcda ee khamiista iyo jimcaha ee madaddaallada ahaa waa la joojiyay bandhigyada masraxyada ee uk ayaa la filayaa inay sii socdaan iyadoo la ilaalinayo aamusnaanta halka daqiiqo ah shaqojoojinta tareennada iyo boostada ma sii socon doonaan ururka tareennada badda iyo gaadiidka rmt ayaa ku dhawaaqay in shaqojoojinta la qorsheeyay ee 15ka iyo 17ka sebtember la joojin doonoâ iyadoo la xushmeynayo boqoradda ururka shaqaalaha ayaa sidoo kale joojiyay shaqojoojin la qorsheeyay bisha sebtembar shaqojoojintii boostada ee jimcaha ayaa sidoo kale waxaa joojiyay ururka shaqaalaha isgaarsiinta cwu ma jiri doonaan adeegyo kale oo xusuus ah ka hor aaska waxaa jimcaha maanta ah ka dhici doona kaniisadda st pauls cathedral kulan xus ah oo ay ka soo qeyb galayaan raysul wasaaraha iyo wasiirro kale oo sarsare sababtoo ah boqoraddu waxay ku dhimatay scotland naxashkeeda waxaa la geynayaa st giles cathedral ee edinburgh dadweynaha waxaa laga yaabaa in loo oggolaado maalmo kaddib naxashka ayaa markaas kaddib la geyn doonaa london halkaas oo boqollaal kun oo qof loo oggolaan doono muddo afar maalin ah inay ku booqdaan westminster hall calanka midowga ayaa laga dejin doonaa xarumaha dowladda ilaa subaxda ka dambeysa maalinta aaska calanka si buuxda ayaa dib loogu soo celin doonaa muddo 24 saacadood ah oo ka billaabanaysa 1da xilliga duhurnimo ee maalinta sabtida si ay u calaamadiyaan ku dhawaaqista boqor charles jimcaha maanta ah dhawaqa gambaleelka ayaa abaalmarin doona boqoradda gaar ahaan westminster abbey st pauls cathedral iyo windsor castle waxaa boqoradda lagu sharfi doonaa 96 xabbadood oo lagu xusayo sanad kasta oo nolosheeda ka mid ahaa waxaana laga ridi doonaa hyde park iyo meelo kale,HUMAN,AI
jaamacadda jaamacadda muqdisho waxay ogeysiineysaa dhammaan ardayda iska diiwaangelisay barnaamijka tababarka macallinimo ee kulliyadda waxbarashada in imtixaanka oggolaanshaha uu dhici doono haddii alle idmo talaadada 22062010 saacadda 0900 subaxnimo imtixaanka waxaa lagu qabanayaa xarunta kulliyadda waxbarashada ee jaamacadda faahfaahin dheeraad ah kala xiriir tel 002521858479  002525932454  002521223433 fax 002521216820 email mailto web  maxamed xaaji xuseen hiiraan online mailto muqdisho soomaaliya,AI,HUMAN
madaxweynaha koonfur galbeed cabdi casiis xasan maxamed ayaa maanta muqdisho kula kulmay wakiilka qaramada midoobay ee soomaaliya ambassador james swan xilli uu socday shirka iskaashiga caalamiga ah ee soomaaliya kulanka ayaa lagu xaajooday arrimaha amniga dhammaystirka dastuurka iyo hormarinta deegaannada dowlad goboleedka koonfur galbeed madaxweynaha ayaa uu wehlinayey agasimaha guud ee madaxtooyada ibraahim cabduqaadir maxamed iyo wakiilka koonfur galbeed ee unugga deeqaha soomaaliya,AI,HUMAN
haweeney 73 sano jir ah oo deggen gobolka andhra pradesh ee koonfurta hindiya ayaa dhashay laba gabdhood oo mataano ah dhakhaatiirta ayaa sheegay in uurku ku yimid bacrimin caafimaad iyadoo shahwada ninkeeda lagu geliyay ilmagaleenkeeda dhakhaatiirtu waxay bbcda u sheegeen in hooyada iyo labada gabdhoodba ay caafimaad qabaan mangayamma yaramati oo ah hooyada mataanaha ayaa sheegtay in iyada iyo seygeeda oo 82 jir ah ay muddo dheer rajeynayeen inay carruur yeeshaan hase yeeshee aysan hore ugu guuleysan noloshayda farxad weyn ayay ii tahay ayuu yiri seygeeda sitarama rajarao oo la hadlay bbcda wax yar kadib dhalashada carruurta maalin kadib ayuu ku dhacay xanuunka istaroogga stroke waxaana lagu daweynayaa isbitaal markii la weydiiyay cidda kori doonta carruurta haddii ay wax ku dhacaan ayuu ku jawaabay wax walba alle ayaa gacanta ku haya wixii qoranina way dhacayaan lamaanahan oo aan hore carruur u dhalin ayaa sheegay in dhalashada mataanuhu ay ka saartay culeyskii iyo hadalladii ay bulshada kala kulmi jireen yaramati waxay sheegtay in marar badan loogu yeeri jiray haweeney aan carruur lahayn taasoo dhaawac nafsi ah ku reebtay iyada iyo seygeeda waxaan isku daynay inaan carruur helno waxaanan la kulannay dhakhaatiir badan balse way noo suurtageli weyday hadda oo aan helnay tani waa farxadda ugu weyn ee noloshayda ayay tiri labada gabdhood ayaa ku dhashay qalliin maadaama dada hooyadu ay sareyso taasoo dhakhaatiirtu u arkaan hab caadi ah sannadkii 2016 ayay sidoo kale hindiya ka dhacday dhacdo la mid ah markaas oo haweeney 70 jir ah ay dhashay wiil,AI,HUMAN
shir looga hadlay mustaqbalka bangiyada islaamka oo lagu qabtay malaysia axad may 27 2012  shir ballaaran oo looga hadlayay mustaqbalka bangiyada islaamka ayaa lagu qabtay magaalada shah alam ee gobolka selangor ee dalka malaysia shirkan oo ay soo qabanqaabisay jaamacadda caalamiga ah ee almadinah almadinah international university ayaa lagu qabtay xarunta libraryga ummada ee selangor public library of selangor iyadoo ay kasoo qeyb galeen aqoonyahanno khubaro dhinaca maaliyadda ah madax bangiyo masuuliyiin jaamacadeed iyo arday ka kala socotay xarumaha waxbarasho ee dalka malaysia jaamacadda caalamiga ah ee almadinah ayaa ka mid ah jaamacadaha ay dhigtaan tirada badan ee ardayda soomaaliyeed ee waxbarashada u doonta dalka malaysia jaamacaddan waxaa wax ka barta boqolaal arday oo ka kala yimid dalal kala duwan waxaana qeyb weyn ka ah ardayda soomaaliyeed oo tiradooda lagu qiyaasayay in ay u dhexeyso 100 ilaa 150 arday kuwaas oo ku kala jira qeybaha kala duwan ee waxbarashada jaamacadda shirka oo diiradda lagu saarayay horumarinta iyo mustaqbalka bangiyada islaamka ayaa ahaa mid muddo dheer loo diyaarinayay ujeeddada ugu weyn ee kulankan ayaa ahayd in la is dhaafsado aqoon waayoaragnimo iyo cilmibaaris la xiriirta nidaamka maaliyadeed ee islaamka gaar ahaan sida bangiyada islaamiga ah ay ugaalin uga qaadan karaan horumarinta dhaqaalaha dunida waxaa shirka kasoo qeyb galay madax iyo khubaro ka kala socotay hayado iyo shirkado muhiim ah oo ku lug leh dhinacyada waxbarashada maaliyadda iyo caymiska waxaa ka mid ahaa wakiillo ka socday shirkadda excellence international for educational  promotional services bangiga alrajhi bangiyada islaamiga ah ee malaysia bangiga dhexe ee malaysia bank negara malaysia hayadda aqoonsiga waxbarashada malaysia shirkadaha takaful iyo caymiska iyo xubno ka socday ururka bangiyada malaysia sidoo kale waxaa ka qeyb galay aqoonyahanno iyo khubaro ku takhasusay bangiyada islaamka lataliyeyaal maaliyadeed shaqsiyaad ku xeel dheer dhaqaalaha iyo masuuliyiin ka socotay jaamacadaha iyo kulliyadaha kala duwan ee dalka malaysia shirka waxaa hadal furitaan ah ka jeediyey dr cabdulqaadir maxamed cismaan cabdiboqor oo ahaa bare soomaaliyeed oo wax ka dhiga kulliyadda maamulka iyo dhaqaalaha ee jaamacadda almadinah isla markaana ahaa xiriiriyaha guud ee shirka wuxuu ka hadlay muhiimadda ay leedahay in la sameeyo dood cilmiyeedyo ku saabsan bangiyada islaamka iyo kaalinta ay ku leeyihiin dhaqaalaha casriga ah waxaa sidoo kale khudbado muhiim ah ka jeediyey madaxda sare ee jaamacadda almadinah oo uu ka mid ahaa prof dr mohammed bin khalifah altamimi oo ahaa madaxa jaamacadda waxaa iyaduna hadashay madam mastura bint hajji mohamed oo madax ka ahayd libraryga ummada ee selangor halka registrarka jaamacadda dr khalid mohamed idriss uu ka bixiyey warbixin ku saabsan jaamacadda iyo howlaha waxbarasho ee ay qabato fadhigii ugu horreeyey ee shirka waxaa guddoomiye ka ahaa prof dr ahmed ibrahim abushouk oo ka socday machadka mideynta ummadda islaamka halka qoraaga iyo diiwaanhayaha fadhiga rapporteur uu ahaa prof ir dr wan mahmood wan ab majid intii uu socday fadhigaas ayaa lagu soo bandhigay waraaqo cilmiyeedyo conference papers ay diyaariyeen aqoonyahanno sameeyey baaritaanno ku saabsan dhinacyada kala duwan ee bangiyada islaamka waxaa ka mid ahaa prof dr kamal mohd towfiq hattab oo ahaa ku xigeenka madaxa jaamacadda ee dhinaca waxbarashada dr abdussalam ismail onagun oo ka socday bangiga dhexe ee malaysia assist prof dr omar mohammed idris oo wax ka dhiga dhowr jaamacadood iyo asst prof dr saeed ahmed saleh faraj oo ahaa madaxa waaxda cilmibaarista iyo horumarinta ee jaamacadda almadinah fadhigii labaad ee shirka waxaa guddoominayay prof dr kamal mohd towfiq hattab qeybtan waxaa lagu soo bandhigay waraaqo cilmiyeedyo kale oo si qoto dheer uga hadlay arrimaha la xiriira bangiyada islaamka iyo caqabadaha horyaalla mustaqbalka nidaamkan maaliyadeed waxaa ka hadlay dr salman zaidan oo ahaa madaxa kulliyadda maamulka iyo dhaqaalaha dean of faculty of finance and administrative sciences taas oo ahayd kulliyadda hormuudka ka ahayd qabanqaabada shirka waxa kale oo soo bandhigay cilmibaarisyo dr adewale abdideen adeyemi oo ka socday jaamacadda caalamiga ah ee islaamiga ah ee malaysia iium dr mubarak munssour ebodey oo ahaa ku xigeenka madaxa kulliyadda maamulka iyo dhaqaalaha ee jaamacadda almadinah iyo dr abdisalam a hussein malla oo ahaa bare soomaaliyeed oo ka tirsanaa isla kulliyaddaas sidoo kale waxaa waraaq cilmiyeed soo bandhigay dr mohammed alkhawlani oo ka mid ahaa macallimiinta kulliyadda maamulka iyo dhaqaalaha ee jaamacadda almadinah doodihii iyo cilmibaarisyadii la soo bandhigay ayaa xoogga saaray muhiimadda bangiyada islaamka fursadaha ay leeyihiin iyo sida loo horumarin karo adeegyada maaliyadeed ee waafaqsan shareecada islaamka kadib markii la soo bandhigay waraaqihii cilmiyeedka waxaa loo furay ka qeybgalayaasha fursad ay suaalo ku weydiiyaan khubaradii iyo aqoonyahannadii shirka ka hadlay waxaa sidoo kale la sameeyey falanqeyn iyo talooyin ku saabsan qodobbadii laga hadlay iyadoo dadkii kasoo qeyb galay ay ka qeyb qaateen doodda iyo isweydaarsiga fikradaha ugu dambeyn shirka ayaa lagu soo gabagabeeyey munaasabad lagu maamuusay aqoonyahannadii iyo khubaradii soo bandhigay cilmibaarisyada iyo sidoo kale maamulka iyo guddigii soo qabanqaabiyey kulanka waxaa la guddoonsiiyey shahaadooyin sharaf dadkii ka qeyb qaatay diyaarinta iyo hirgelinta shirka kulankan ayaa noqday mid muhiim u ah kobcinta fahamka bangiyada islaamka iyo isku xirka aqoonyahannada hayadaha maaliyadeed iyo xarumaha waxbarashada waxa uu sidoo kale muujiyey doorka ay jaamacadaha iyo cilmibaaristu ku leeyihiin horumarinta nidaamyada dhaqaale ee ku saleysan mabaadida islaamka iyadoo malaysia ay ka mid tahay dalalka hormuudka u ah horumarinta bangiyada islaamiga ah,AI,HUMAN
wasiirka dekedaha soomaaliya ayaa ku booriyay siyaasiyiinta doonaya inay xukunka raadsadaan inay ku dadaalaan doorashooyin halkii ay ka ahaan lahaayeen iskahorimaad hubeysan isagoo sheegay in dalku uu doonayo inuu dhiso nidaam dimuqraadi ah oo mustaqbalka lagu goaamiyo rabitaanka dadka cabdulqaadir maxamed nuur ayaa ammaanay taageerada muddada dheer ee turkiye u fidiyay soomaaliya isagoo ku tilmaamay mid aan la barbar dhigi karin kuwa ay bixiyaan lahawlgalayaasha caalamiga ah xayeysiisyo waxaa jiray joogitaan caalami ah oo ka jiray soomaaliya laakiin ma jirin cid la mid ah türkiye oo taageero dhinacyo badan leh siisay horumarka soomaaliya ayuu nuur ka yiri arbacadii kulan ay martigelisay hayadda cilmibaarista siyaasadda dhaqaalaha iyo bulshada seta oo ka dhacay ankara oo looga hadlayay xiriirka turkiga iyo soomaaliya iyo horumarka gobolka wuxuu sheegay in imaatinka markabka qodista ee cagri bey uu xoojiyay kalsoonida dadweynaha iyo in caqabadaha ka jira dhaqaalaha iyo waaxda kalluumeysiga laga gudbi karo taasoo sii xoojinaysa xiriirka isagoo ka hadlayay dibuhabaynta doorashada nuur wuxuu sheegay in soomaaliya ay u gudbayso nidaam hal qof iyo hal cod ka dib tobanaan sano oo doorasho dadban oo ku salaysan qabiil ah soomaaliya waxay leedahay 275 xildhibaan oo baarlamaanka ah ayuu xusay isagoo sharraxay in qaacidadii hore ee 45 ee qabiilka lagu qaybsaday odayaasha qabiilku ay soo xuleen xildhibaanno iyagoon si toos ah uga qaybgalin dadweynaha halka baarlamaankuna ay doorteen madaxweynaha kaasoo markaa magacaabay raiisul wasaaraha nuur wuxuu sheegay in dibuhabaynta la sameeyay 2016 ay ballaarisay ka qaybgalka iyadoo loo oggolaaday 51 wakiil oo qabiil ah inay doortaan sharcidejiyeyaasha tiradaas oo gaartay 101 sannadkii 2022 wuxuu intaas ku daray in dibuhabaynta ugu dambeysay loogu talagalay in muwaadiniinta ay si toos ah uga qayb qaataan siyaasadda inta uu dalku sii wado dagaalka ka dhanka ah argagixisada macluumaad khaldan si xun loogu sawiro soomaaliya wuxuu sidoo kale ku eedeeyay qaar ka mid ah wadamada inay maalgeliyaan ololaha been abuurka ah ee lagu bartilmaameedsanayo soomaaliya dalalka qaar ayaa bixinaya lacago lagu bixiyo ololaha been abuurka ah si ay si xun ugu sawiraan soomaaliya ayuu yiri nuur wuxuu sheegay in horumarka wanaagsan ee ganacsiga iyo amniga uu helo dareen yar oo caalami ah horumar weyn ayaa laga sameeyay amniga ma soo sheegaan horumarka wanaagsan laakiin marka ay dhacdo dhacdo yar oo taban way buunbuuniyaan ayuu yiri marka laga hadlayo sahaminta tamarta badda nuur wuxuu sheegay in soomaaliya ay hore heshiisyo ula saxiixatay shirkado reer galbeed ah oo aan wax natiijo ah soo saarin halka heshiiska ay la gashay türkiye uu daboolayo saddex baloog oo badda ah wuxuu sheegay in maraakiibta oruc reis iyo cagri bey ay sii wadaan howlgallada xeebaha soomaaliya iyadoo turkiye uu ilaalinayo amniga maraakiibta uu wareejinayo tiknoolajiyada iyo inuu maalgashanayo dalka isagoo diiday eedaha ah in turkiye uu ka faaiideysanayo kheyraadka dabiiciga ah ee soomaaliya nuur wuxuu sheegay in maalgashiga turkigu uusan ka faaiideysan doonin oo keliya soomaaliya laakiin sidoo kale gobolka bariga afrika oo dhan waxa kale oo uu meesha ka saaray sheegashada ah in turkiga uu heli doono oo keliya 5 saamiga saliidda laga soo saaro biyaha soomaaliya oo uu ku tilmaamay warar khaldan isagoo sheegay in khubarada tamarta lagu casuumay inay baaraan heshiiska oo ay muujiyaan in eedeymahaasi aysan sal lahayn mucaaradka oo ay taageerayaan qaar ka mid ah dowladaha nuur wuxuu sheegay in dadka ka soo horjeeda nidaamka hal qof iyo hal cod ay taageerayaan dowlado shisheeye siyaasiyiinta qaar ee ku guuldareysta inay arkaan mustaqbalka ayaa ka soo horjeeda sidoo kale waxaa taageera gobollo qaar ayuu yiri isagoo xusay in doorashooyinkii degmooyinka ee muqdisho ay ku dhammaadeen iyada oo aan wax dhibaato amni ah la kulmin nuur wuxuu sheegay in soomaaliya ay u gudubtay doorashooyin goboleed ka dibna sharcidejiyeyaashu ay dooran doonaan hoggaamiyeyaasha gobollada wuxuu ku eedeeyay laba hoggaamiye oo mucaarad ah oo ku sugan muqdisho inay isku dayayeen inay abuuraan xasillooni darro iyagoo la soo muuqday dhowr iyo toban taageerayaal hubaysan ah isagoo intaa ku daray in qaar ka mid ah warbaahinta ay u adeegsadeen muuqaalka si ay u abuuraan aragti ah in soomaaliya ay ku sii dhacayso fowdo kooxdu waxay kala firdhisay wax yar ka dib iyada oo aan wax dhibaato ah dhicin dadweynaha soomaaliyeedna ma aysan taageerin falalka sida uu sheegay nuur wuxuu ku nuuxnuuxsaday in kuwa raadinaya awood siyaasadeed ay hadda doortaan sanduuqa codbixinta ee aysan dooran dagaal waxaan rabnaa inaan u gudubno nidaam mustaqbalka soomaaliya lagu qaabeeyo goaannada dadkeeda ayuu yiri isagoo qiray in kalaguurku uusan fududaan doonin laakiin uu ku tilmaamay qaabka mid la tijaabiyay oo la hirgelin karo muhiimadda isku xirnaanta isagoo iftiiminaya muhiimadda isku xirka nuur wuxuu sheegay in horumarinta gaadiidka badda ay ahayd mid ka mid ah mudnaanta wasaaraddiisa wuxuu sheegay in shixnadaha u dhexeeya turkiga iyo soomaaliya ay horey u qaadan jireen qiyaastii 60 maalmood iyagoo maraya waddamada saddexaad laakiin hirgelinta waddo xamuul oo toos ah ayaa yareysay waqtiyada safarka ilaa 2530 maalmood badeecadaha laga dhoofiyo turkiga una dhoofiyo soomaaliya uma baahna in la maro dekedo kale halka baahida sii kordheysa ay durba kordhisay tirada safarrada ganacsi ee u dhexeeya labada dal nuur ayaa sidoo kale sheegtay in awoodda saliidda soomaaliya ay noqotay arrin ay kooxda argagixisada ah ee alshabaab ay xoojisay weerarrada bishii febraayo 2025 iyagoo ku andacoonaya in ololaha been abuurka ah ay wadaan quwado waaweyn oo doonaya inay ka hortagaan dalal cusub ama shirkado inay soo galaan qaybta wuxuu sidoo kale sheegay in argagixisada la adeegsaday muddadaas laakiin wuxuu sheegay in dadaalku ugu dambeyntii uu fashilmay taageerada turkiga waxaa qoray gizem nisa demir oo ku sugan istanbul,HUMAN,AI
bulshooyinka galbeedka inta badan dadka ma siiyaan saaxiibbadood ama dadka ay yaqaannaan naanaysyo laga soo qaatay muuqaal jir ahaaneed oo aan wanaagsanayn hase yeeshee soomaaliya naanaysyada noocaas ahi waa wax caadi ah markii aan gacanta ku dhigay kaarka aqoonsiga ee xafiiska madaxweynaha ee muqdisho waxaan dareemay in ugu dambayn la i aqbalay waxay igu qaadatay muddo hal sano ah kaarkayga waxaa ku qornaa lataliyaha warbaahinta caalamiga ah xafiiska madaxweynaha waxaana magacayga ku xigay laba eray oo soomaali ah timo cadde oo tilmaamaya qof timo cirro leh ugu dambayntii naanays ayaan helay,AI,HUMAN
maskaxdii dadka ay kala fogaadaan ayaa asaasiga lagu badbaadinayo firida coronaviruska haddaana soomaali badani ma aqoon khatarata waxaana magaalooyinka qaar ku jira kulan iyo ciyaaro ay dad badani ku wada yimaadaan waxa khatar intee la eh iyo masuuliyad intee qofka kaga saaran ilaalinta naftiisa iyo bulshada,AI,HUMAN
